Workbook

Sheet Sayfa1
A1: Kod | B1: Son.Fyt | C1: Yön | D1: Al.Fyt | E1: Sat.Fyt | F1: Yks | G1: Dşk | H1: Hcm | I1: Lot | J1: ÖncK | K1: Frk | L1: Frk% | M1: Yks | N1: Dşk | O1: Hcm | P1: Lot | Q1: ÖncK | R1: Frk | S1: Frk% | T1: Açl.Gün
A2: A1CAP | B2: 27,86 | C2: Ç | D2: 27,82 | E2: 27,86 | F2: 28,28 | G2: 27,38 | H2: 30.033.253 | I2: 1.077.426 | J2: 27,48 | K2: 0,38 | L2: 1,38 | M2: 28,28 | N2: 27,38 | O2: 30.033.253 | P2: 1.077.426 | Q2: 27,48 | R2: 0,38 | S2: 1,38 | T2: 27,48
A3: ACSEL | B3: 144,00 | C3: È | D3: 144,00 | E3: 144,20 | F3: 145,40 | G3: 140,20 | H3: 18.915.874 | I3: 131.965 | J3: 140,40 | K3: 3,60 | L3: 2,56 | M3: 145,40 | N3: 140,20 | O3: 18.915.874 | P3: 131.965 | Q3: 140,40 | R3: 3,60 | S3: 2,56 | T3: 140,40
A4: ADEL | B4: 662,00 | C4: È | D4: 662,00 | E4: 663,00 | F4: 671,00 | G4: 648,50 | H4: 160.002.438 | I4: 242.113 | J4: 660,00 | K4: 2,00 | L4: 0,30 | M4: 671,00 | N4: 648,50 | O4: 160.002.438 | P4: 242.113 | Q4: 660,00 | R4: 2,00 | S4: 0,30 | T4: 663,00
A5: ADESE | B5: 2,32 | C5: Ç | D5: 2,31 | E5: 2,32 | F5: 2,34 | G5: 2,27 | H5: 115.315.479 | I5: 50.003.224 | J5: 2,30 | K5: 0,02 | L5: 0,87 | M5: 2,34 | N5: 2,27 | O5: 115.315.479 | P5: 50.003.224 | Q5: 2,30 | R5: 0,02 | S5: 0,87 | T5: 2,31
A6: ADGYO | B6: 25,74 | C6: È | D6: 25,72 | E6: 25,74 | F6: 27,22 | G6: 25,74 | H6: 41.929.646 | I6: 1.578.582 | J6: 27,08 | K6: -1,34 | L6: -4,95 | M6: 27,22 | N6: 25,74 | O6: 41.929.646 | P6: 1.578.582 | Q6: 27,08 | R6: -1,34 | S6: -4,95 | T6: 27,08
A7: AEFES | B7: 214,00 | C7: Ç | D7: 214,00 | E7: 214,10 | F7: 220,90 | G7: 211,80 | H7: 570.936.299 | I7: 2.651.423 | J7: 214,00 | K7: 0,00 | L7: 0,00 | M7: 220,90 | N7: 211,80 | O7: 570.936.299 | P7: 2.651.423 | Q7: 214,00 | R7: 0,00 | S7: 0,00 | T7: 215,00
A8: AFYON | B8: 13,00 | C8: È | D8: 13,00 | E8: 13,02 | F8: 13,13 | G8: 12,90 | H8: 40.922.280 | I8: 3.145.824 | J8: 12,94 | K8: 0,06 | L8: 0,46 | M8: 13,13 | N8: 12,90 | O8: 40.922.280 | P8: 3.145.824 | Q8: 12,94 | R8: 0,06 | S8: 0,46 | T8: 12,94
A9: AGESA | B9: 107,80 | C9: È | D9: 107,60 | E9: 107,80 | F9: 111,00 | G9: 104,40 | H9: 136.698.175 | I9: 1.262.203 | J9: 105,00 | K9: 2,80 | L9: 2,67 | M9: 111,00 | N9: 104,40 | O9: 136.698.175 | P9: 1.262.203 | Q9: 105,00 | R9: 2,80 | S9: 2,67 | T9: 105,00
A10: AGHOL | B10: 360,00 | C10: È | D10: 360,00 | E10: 360,25 | F10: 368,75 | G10: 347,00 | H10: 434.207.932 | I10: 1.218.241 | J10: 357,50 | K10: 2,50 | L10: 0,70 | M10: 368,75 | N10: 347,00 | O10: 434.207.932 | P10: 1.218.241 | Q10: 357,50 | R10: 2,50 | S10: 0,70 | T10: 358,50
A11: AGROT | B11: 17,11 | C11: È | D11: 17,11 | E11: 17,12 | F11: 18,42 | G11: 17,11 | H11: 1.082.571.480 | I11: 61.430.139 | J11: 18,28 | K11: -1,17 | L11: -6,40 | M11: 18,42 | N11: 17,11 | O11: 1.082.571.480 | P11: 61.430.139 | Q11: 18,28 | R11: -1,17 | S11: -6,40 | T11: 18,40
A12: AGYO | B12: 8,63 | C12: Ç | D12: 8,59 | E12: 8,63 | F12: 8,65 | G12: 8,16 | H12: 32.990.935 | I12: 3.909.669 | J12: 8,19 | K12: 0,44 | L12: 5,37 | M12: 8,65 | N12: 8,16 | O12: 32.990.935 | P12: 3.909.669 | Q12: 8,19 | R12: 0,44 | S12: 5,37 | T12: 8,20
A13: AHGAZ | B13: 13,95 | C13: È | D13: 13,94 | E13: 13,95 | F13: 14,11 | G13: 13,90 | H13: 89.562.410 | I13: 6.394.590 | J13: 13,98 | K13: -0,03 | L13: -0,21 | M13: 14,11 | N13: 13,90 | O13: 89.562.410 | P13: 6.394.590 | Q13: 13,98 | R13: -0,03 | S13: -0,21 | T13: 13,95
A14: AKBNK | B14: 63,50 | C14: È | D14: 63,50 | E14: 63,55 | F14: 67,40 | G14: 63,50 | H14: 3.742.795.886 | I14: 57.120.992 | J14: 66,80 | K14: -3,30 | L14: -4,94 | M14: 67,40 | N14: 63,50 | O14: 3.742.795.886 | P14: 57.120.992 | Q14: 66,80 | R14: -3,30 | S14: -4,94 | T14: 66,80
A15: AKCNS | B15: 135,70 | C15: Ç | D15: 135,50 | E15: 135,70 | F15: 138,80 | G15: 133,90 | H15: 89.734.813 | I15: 661.29 | J15: 136,60 | K15: -0,90 | L15: -0,66 | M15: 138,80 | N15: 133,90 | O15: 89.734.813 | P15: 661.29 | Q15: 136,60 | R15: -0,90 | S15: -0,66 | T15: 136,70
A16: AKENR | B16: 16,67 | C16: Ç | D16: 16,67 | F16: 16,67 | G16: 14,97 | H16: 158.701.629 | I16: 9.798.546 | J16: 15,16 | K16: 1,51 | L16: 9,96 | M16: 16,67 | N16: 14,97 | O16: 158.701.629 | P16: 9.798.546 | Q16: 15,16 | R16: 1,51 | S16: 9,96 | T16: 15,18
A17: AKFGY | B17: 2,35 | C17: Ç | D17: 2,34 | E17: 2,35 | F17: 2,41 | G17: 2,30 | H17: 209.744.146 | I17: 89.303.603 | J17: 2,30 | K17: 0,05 | L17: 2,17 | M17: 2,41 | N17: 2,30 | O17: 209.744.146 | P17: 89.303.603 | Q17: 2,30 | R17: 0,05 | S17: 2,17 | T17: 2,30
A18: AKFYE | B18: 27,20 | C18: È | D18: 27,18 | E18: 27,20 | F18: 27,90 | G18: 27,04 | H18: 181.772.574 | I18: 6.630.888 | J18: 27,56 | K18: -0,36 | L18: -1,31 | M18: 27,90 | N18: 27,04 | O18: 181.772.574 | P18: 6.630.888 | Q18: 27,56 | R18: -0,36 | S18: -1,31 | T18: 27,56
A19: AKGRT | B19: 8,03 | C19: È | D19: 8,03 | E19: 8,05 | F19: 8,30 | G19: 7,95 | H19: 241.222.458 | I19: 29.619.896 | J19: 7,95 | K19: 0,08 | L19: 1,01 | M19: 8,30 | N19: 7,95 | O19: 241.222.458 | P19: 29.619.896 | Q19: 7,95 | R19: 0,08 | S19: 1,01 | T19: 7,95
A20: AKMGY | B20: 305,75 | C20: Ç | D20: 304,25 | E20: 305,75 | F20: 311,50 | G20: 299,25 | H20: 18.266.907 | I20: 59.869 | J20: 301,25 | K20: 4,50 | L20: 1,49 | M20: 311,50 | N20: 299,25 | O20: 18.266.907 | P20: 59.869 | Q20: 301,25 | R20: 4,50 | S20: 1,49 | T20: 301,25
A21: AKSA | B21: 123,90 | C21: Ç | D21: 123,80 | E21: 123,90 | F21: 126,00 | G21: 118,80 | H21: 418.701.927 | I21: 3.387.575 | J21: 118,70 | K21: 5,20 | L21: 4,38 | M21: 126,00 | N21: 118,80 | O21: 418.701.927 | P21: 3.387.575 | Q21: 118,70 | R21: 5,20 | S21: 4,38 | T21: 118,80
A22: AKSEN | B22: 46,32 | C22: È | D22: 46,32 | E22: 46,34 | F22: 47,28 | G22: 46,04 | H22: 200.982.145 | I22: 4.300.623 | J22: 46,30 | K22: 0,02 | L22: 0,04 | M22: 47,28 | N22: 46,04 | O22: 200.982.145 | P22: 4.300.623 | Q22: 46,30 | R22: 0,02 | S22: 0,04 | T22: 46,30
A23: AKSGY | B23: 18,00 | C23: È | D23: 17,99 | E23: 18,00 | F23: 18,53 | G23: 17,70 | H23: 51.581.334 | I23: 2.832.718 | J23: 17,70 | K23: 0,30 | L23: 1,69 | M23: 18,53 | N23: 17,70 | O23: 51.581.334 | P23: 2.832.718 | Q23: 17,70 | R23: 0,30 | S23: 1,69 | T23: 17,70
A24: AKSUE | B24: 13,11 | C24: È | D24: 13,11 | E24: 13,23 | F24: 13,34 | G24: 12,41 | H24: 17.077.706 | I24: 1.298.224 | J24: 13,02 | K24: 0,09 | L24: 0,69 | M24: 13,34 | N24: 12,41 | O24: 17.077.706 | P24: 1.298.224 | Q24: 13,02 | R24: 0,09 | S24: 0,69 | T24: 13,05
A25: AKYHO | B25: 7,35 | C25: È | D25: 7,35 | E25: 7,36 | F25: 7,73 | G25: 7,29 | H25: 125.473.707 | I25: 16.894.832 | J25: 7,80 | K25: -0,45 | L25: -5,77 | M25: 7,73 | N25: 7,29 | O25: 125.473.707 | P25: 16.894.832 | Q25: 7,80 | R25: -0,45 | S25: -5,77 | T25: 7,39
A26: ALARK | B26: 121,00 | C26: È | D26: 121,00 | E26: 121,10 | F26: 123,00 | G26: 120,40 | H26: 834.344.026 | I26: 6.850.009 | J26: 120,90 | K26: 0,10 | L26: 0,08 | M26: 123,00 | N26: 120,40 | O26: 834.344.026 | P26: 6.850.009 | Q26: 120,90 | R26: 0,10 | S26: 0,08 | T26: 120,90
A27: ALBRK | B27: 5,82 | C27: Ç | D27: 5,81 | E27: 5,82 | F27: 6,00 | G27: 5,81 | H27: 122.307.904 | I27: 20.860.354 | J27: 5,98 | K27: -0,16 | L27: -2,68 | M27: 6,00 | N27: 5,81 | O27: 122.307.904 | P27: 20.860.354 | Q27: 5,98 | R27: -0,16 | S27: -2,68 | T27: 5,91
A28: ALCAR | B28: 1331,00 | C28: Ç | D28: 1331,00 | F28: 1331,00 | G28: 1211,00 | H28: 114.020.220 | I28: 88.573 | J28: 1210,00 | K28: 121,00 | L28: 10,00 | M28: 1331,00 | N28: 1211,00 | O28: 114.020.220 | P28: 88.573 | Q28: 1210,00 | R28: 121,00 | S28: 10,00 | T28: 1211,00
A29: ALCTL | B29: 106,00 | C29: È | D29: 105,90 | E29: 106,00 | F29: 108,40 | G29: 105,40 | H29: 54.472.305 | I29: 508.401 | J29: 106,80 | K29: -0,80 | L29: -0,75 | M29: 108,40 | N29: 105,40 | O29: 54.472.305 | P29: 508.401 | Q29: 106,80 | R29: -0,80 | S29: -0,75 | T29: 107,80
A30: ALFAS | B30: 72,50 | C30: Ç | D30: 72,45 | E30: 72,50 | F30: 73,50 | G30: 72,15 | H30: 190.198.142 | I30: 2.612.731 | J30: 72,90 | K30: -0,40 | L30: -0,55 | M30: 73,50 | N30: 72,15 | O30: 190.198.142 | P30: 2.612.731 | Q30: 72,90 | R30: -0,40 | S30: -0,55 | T30: 72,65
A31: ALGYO | B31: 42,54 | C31: È | D31: 42,54 | E31: 42,70 | F31: 43,04 | G31: 42,48 | H31: 43.027.454 | I31: 1.006.597 | J31: 42,50 | K31: 0,04 | L31: 0,09 | M31: 43,04 | N31: 42,48 | O31: 43.027.454 | P31: 1.006.597 | Q31: 42,50 | R31: 0,04 | S31: 0,09 | T31: 42,50
A32: ALKA | B32: 28,10 | C32: È | D32: 28,10 | E32: 28,12 | F32: 28,54 | G32: 28,06 | H32: 26.083.349 | I32: 922.923 | J32: 28,20 | K32: -0,10 | L32: -0,35 | M32: 28,54 | N32: 28,06 | O32: 26.083.349 | P32: 922.923 | Q32: 28,20 | R32: -0,10 | S32: -0,35 | T32: 28,22
A33: ALKIM | B33: 36,00 | C33: È | D33: 35,98 | E33: 36,00 | F33: 36,96 | G33: 35,56 | H33: 43.218.710 | I33: 1.190.145 | J33: 36,48 | K33: -0,48 | L33: -1,32 | M33: 36,96 | N33: 35,56 | O33: 43.218.710 | P33: 1.190.145 | Q33: 36,48 | R33: -0,48 | S33: -1,32 | T33: 36,48
A34: ALKLC | B34: 25,26 | D34: 25,26 | F34: 25,26 | G34: 25,26 | H34: 7.570.119 | I34: 299.688 | J34: 22,98 | K34: 2,28 | L34: 9,92 | M34: 25,26 | N34: 25,26 | O34: 7.570.119 | P34: 299.688 | Q34: 22,98 | R34: 2,28 | S34: 9,92 | T34: 25,26
A35: ALMAD | B35: 6,74 | C35: Ç | D35: 6,74 | E35: 6,76 | F35: 6,83 | G35: 6,66 | H35: 13.529.344 | I35: 2.003.311 | J35: 6,67 | K35: 0,07 | L35: 1,05 | M35: 6,83 | N35: 6,66 | O35: 13.529.344 | P35: 2.003.311 | Q35: 6,67 | R35: 0,07 | S35: 1,05 | T35: 6,66
A36: ALTNY | B36: 100,00 | C36: Ç | D36: 99,95 | E36: 100,00 | F36: 105,00 | G36: 91,85 | H36: 1.046.095.038 | I36: 10.503.464 | J36: 96,65 | K36: 3,35 | L36: 3,47 | M36: 105,00 | N36: 91,85 | O36: 1.046.095.038 | P36: 10.503.464 | Q36: 96,65 | R36: 3,35 | S36: 3,47 | T36: 96,65
A37: ALVES | B37: 42,84 | C37: Ç | D37: 42,82 | E37: 42,84 | F37: 43,48 | G37: 41,94 | H37: 136.501.210 | I37: 3.182.941 | J37: 42,06 | K37: 0,78 | L37: 1,85 | M37: 43,48 | N37: 41,94 | O37: 136.501.210 | P37: 3.182.941 | Q37: 42,06 | R37: 0,78 | S37: 1,85 | T37: 42,06
A38: ANELE | B38: 18,63 | C38: È | D38: 18,62 | E38: 18,68 | F38: 18,89 | G38: 18,48 | H38: 9.698.322 | I38: 519.501 | J38: 18,75 | K38: -0,12 | L38: -0,64 | M38: 18,89 | N38: 18,48 | O38: 9.698.322 | P38: 519.501 | Q38: 18,75 | R38: -0,12 | S38: -0,64 | T38: 18,79
A39: ANGEN | B39: 12,20 | C39: Ç | D39: 12,18 | E39: 12,20 | F39: 12,34 | G39: 12,05 | H39: 16.520.486 | I39: 1.353.066 | J39: 12,05 | K39: 0,15 | L39: 1,24 | M39: 12,34 | N39: 12,05 | O39: 16.520.486 | P39: 1.353.066 | Q39: 12,05 | R39: 0,15 | S39: 1,24 | T39: 12,06
A40: ANHYT | B40: 106,20 | C40: È | D40: 106,00 | E40: 106,20 | F40: 106,40 | G40: 97,10 | H40: 408.019.478 | I40: 3.937.519 | J40: 97,00 | K40: 9,20 | L40: 9,48 | M40: 106,40 | N40: 97,10 | O40: 408.019.478 | P40: 3.937.519 | Q40: 97,00 | R40: 9,20 | S40: 9,48 | T40: 97,10
A41: ANSGR | B41: 117,90 | C41: Ç | D41: 117,80 | E41: 117,90 | F41: 122,00 | G41: 114,50 | H41: 435.153.944 | I41: 3.654.496 | J41: 118,30 | K41: -0,40 | L41: -0,34 | M41: 122,00 | N41: 114,50 | O41: 435.153.944 | P41: 3.654.496 | Q41: 118,30 | R41: -0,40 | S41: -0,34 | T41: 119,00
A42: ARASE | B42: 62,20 | C42: È | D42: 62,20 | E42: 62,35 | F42: 63,65 | G42: 62,20 | H42: 162.120.829 | I42: 2.580.939 | J42: 62,45 | K42: -0,25 | L42: -0,40 | M42: 63,65 | N42: 62,20 | O42: 162.120.829 | P42: 2.580.939 | Q42: 62,45 | R42: -0,25 | S42: -0,40 | T42: 62,60
A43: ARCLK | B43: 176,50 | C43: È | D43: 176,50 | E43: 176,60 | F43: 179,90 | G43: 176,00 | H43: 508.701.315 | I43: 2.853.473 | J43: 176,30 | K43: 0,20 | L43: 0,11 | M43: 179,90 | N43: 176,00 | O43: 508.701.315 | P43: 2.853.473 | Q43: 176,30 | R43: 0,20 | S43: 0,11 | T43: 177,60
A44: ARDYZ | B44: 35,94 | C44: È | D44: 35,94 | E44: 36,04 | F44: 37,12 | G44: 35,72 | H44: 152.142.726 | I44: 4.157.980 | J44: 36,04 | K44: -0,10 | L44: -0,28 | M44: 37,12 | N44: 35,72 | O44: 152.142.726 | P44: 4.157.980 | Q44: 36,04 | R44: -0,10 | S44: -0,28 | T44: 36,14
A45: ARENA | B45: 40,30 | C45: Ç | D45: 40,28 | E45: 40,30 | F45: 40,66 | G45: 39,16 | H45: 42.543.641 | I45: 1.059.564 | J45: 39,50 | K45: 0,80 | L45: 2,03 | M45: 40,66 | N45: 39,16 | O45: 42.543.641 | P45: 1.059.564 | Q45: 39,50 | R45: 0,80 | S45: 2,03 | T45: 39,16
A46: ARSAN | B46: 16,77 | C46: È | D46: 16,77 | E46: 16,86 | F46: 17,02 | G46: 16,68 | H46: 25.157.076 | I46: 1.491.508 | J46: 16,68 | K46: 0,09 | L46: 0,54 | M46: 17,02 | N46: 16,68 | O46: 25.157.076 | P46: 1.491.508 | Q46: 16,68 | R46: 0,09 | S46: 0,54 | T46: 16,71
A47: ARTMS | B47: 41,02 | C47: È | D47: 40,98 | E47: 41,02 | F47: 42,04 | G47: 38,80 | H47: 121.533.632 | I47: 3.051.374 | J47: 40,92 | K47: 0,10 | L47: 0,24 | M47: 42,04 | N47: 38,80 | O47: 121.533.632 | P47: 3.051.374 | Q47: 40,92 | R47: 0,10 | S47: 0,24 | T47: 40,42
A48: ARZUM | B48: 60,15 | C48: È | D48: 60,15 | E48: 60,25 | F48: 61,90 | G48: 58,65 | H48: 75.668.194 | I48: 1.253.727 | J48: 60,30 | K48: -0,15 | L48: -0,25 | M48: 61,90 | N48: 58,65 | O48: 75.668.194 | P48: 1.253.727 | Q48: 60,30 | R48: -0,15 | S48: -0,25 | T48: 58,75
A49: ASELS | B49: 59,20 | C49: È | D49: 59,20 | E49: 59,25 | F49: 60,75 | G49: 59,20 | H49: 1.898.467.983 | I49: 31.677.411 | J49: 60,40 | K49: -1,20 | L49: -1,99 | M49: 60,75 | N49: 59,20 | O49: 1.898.467.983 | P49: 31.677.411 | Q49: 60,40 | R49: -1,20 | S49: -1,99 | T49: 60,40
A50: ASGYO | B50: 13,68 | C50: È | D50: 13,68 | E50: 13,69 | F50: 13,85 | G50: 13,60 | H50: 60.327.975 | I50: 4.398.747 | J50: 13,61 | K50: 0,07 | L50: 0,51 | M50: 13,85 | N50: 13,60 | O50: 60.327.975 | P50: 4.398.747 | Q50: 13,61 | R50: 0,07 | S50: 0,51 | T50: 13,64
... A52: ASUZU | B52: 93,80 | C52: È | D52: 93,75 | E52: 93,80 | F52: 96,90 | G52: 93,80 | H52: 220.319.332 | I52: 2.315.486 | J52: 94,70 | K52: -0,90 | L52: -0,95 | M52: 96,90 | N52: 93,80 | O52: 220.319.332 | P52: 2.315.486 | Q52: 94,70 | R52: -0,90 | S52: -0,95 | T52: 94,70
A53: ATAGY | B53: 12,51 | C53: È | D53: 12,51 | E53: 12,56 | F53: 12,98 | G53: 12,51 | H53: 1.107.845 | I53: 87.415 | J53: 12,74 | K53: -0,23 | L53: -1,81 | M53: 12,98 | N53: 12,51 | O53: 1.107.845 | P53: 87.415 | Q53: 12,74 | R53: -0,23 | S53: -1,81 | T53: 12,74
A54: ATAKP | B54: 47,50 | C54: È | D54: 47,50 | E54: 47,52 | F54: 48,08 | G54: 46,34 | H54: 44.524.068 | I54: 940.002 | J54: 46,56 | K54: 0,94 | L54: 2,02 | M54: 48,08 | N54: 46,34 | O54: 44.524.068 | P54: 940.002 | Q54: 46,56 | R54: 0,94 | S54: 2,02 | T54: 46,54
A55: ATATP | B55: 126,50 | C55: È | D55: 126,30 | E55: 126,50 | F55: 128,40 | G55: 123,00 | H55: 106.768.823 | I55: 851.317 | J55: 121,30 | K55: 5,20 | L55: 4,29 | M55: 128,40 | N55: 123,00 | O55: 106.768.823 | P55: 851.317 | Q55: 121,30 | R55: 5,20 | S55: 4,29 | T55: 124,00
A56: ATEKS | B56: 160,10 | C56: È | D56: 160,10 | E56: 161,00 | F56: 164,10 | G56: 155,90 | H56: 6.871.703 | I56: 42.699 | J56: 156,90 | K56: 3,20 | L56: 2,04 | M56: 164,10 | N56: 155,90 | O56: 6.871.703 | P56: 42.699 | Q56: 156,90 | R56: 3,20 | S56: 2,04 | T56: 156,00
A57: ATLAS | B57: 5,45 | C57: È | D57: 5,45 | E57: 5,47 | F57: 5,54 | G57: 5,43 | H57: 5.480.009 | I57: 1.001.491 | J57: 5,47 | K57: -0,02 | L57: -0,37 | M57: 5,54 | N57: 5,43 | O57: 5.480.009 | P57: 1.001.491 | Q57: 5,47 | R57: -0,02 | S57: -0,37 | T57: 5,47
A58: AVGYO | B58: 8,33 | C58: È | D58: 8,32 | E58: 8,33 | F58: 8,60 | G58: 8,21 | H58: 3.938.178 | I58: 470.02 | J58: 8,25 | K58: 0,08 | L58: 0,97 | M58: 8,60 | N58: 8,21 | O58: 3.938.178 | P58: 470.02 | Q58: 8,25 | R58: 0,08 | S58: 0,97 | T58: 8,25
A59: AVHOL | B59: 36,20 | C59: Ç | D59: 36,18 | E59: 36,20 | F59: 36,88 | G59: 36,14 | H59: 24.018.997 | I59: 660.119 | J59: 36,50 | K59: -0,30 | L59: -0,82 | M59: 36,88 | N59: 36,14 | O59: 24.018.997 | P59: 660.119 | Q59: 36,50 | R59: -0,30 | S59: -0,82 | T59: 36,50
A60: AVOD | B60: 3,54 | C60: È | D60: 3,53 | E60: 3,54 | F60: 3,61 | G60: 3,36 | H60: 40.763.224 | I60: 11.552.875 | J60: 3,53 | K60: 0,01 | L60: 0,28 | M60: 3,61 | N60: 3,36 | O60: 40.763.224 | P60: 11.552.875 | Q60: 3,53 | R60: 0,01 | S60: 0,28 | T60: 3,53
A61: AVPGY | B61: 42,42 | C61: È | D61: 42,42 | E61: 42,48 | F61: 42,66 | G61: 41,84 | H61: 186.509.781 | I61: 4.418.396 | J61: 42,04 | K61: 0,38 | L61: 0,90 | M61: 42,66 | N61: 41,84 | O61: 186.509.781 | P61: 4.418.396 | Q61: 42,04 | R61: 0,38 | S61: 0,90 | T61: 42,10
A62: AVTUR | B62: 14,33 | C62: È | D62: 14,30 | E62: 14,33 | F62: 14,50 | G62: 13,70 | H62: 11.196.336 | I62: 794.816 | J62: 14,35 | K62: -0,02 | L62: -0,14 | M62: 14,50 | N62: 13,70 | O62: 11.196.336 | P62: 794.816 | Q62: 14,35 | R62: -0,02 | S62: -0,14 | T62: 14,35
A63: AYCES | B63: 799,00 | C63: Ç | D63: 799,00 | F63: 799,00 | G63: 741,00 | H63: 192.210.971 | I63: 246.025 | J63: 726,50 | K63: 72,50 | L63: 9,98 | M63: 799,00 | N63: 741,00 | O63: 192.210.971 | P63: 246.025 | Q63: 726,50 | R63: 72,50 | S63: 9,98 | T63: 750,00
A64: AYDEM | B64: 35,28 | C64: Ç | D64: 35,22 | E64: 35,28 | F64: 35,70 | G64: 33,98 | H64: 75.389.327 | I64: 2.149.415 | J64: 34,10 | K64: 1,18 | L64: 3,46 | M64: 35,70 | N64: 33,98 | O64: 75.389.327 | P64: 2.149.415 | Q64: 34,10 | R64: 1,18 | S64: 3,46 | T64: 34,00
A65: AYEN | B65: 30,36 | C65: È | D65: 30,36 | E65: 30,38 | F65: 31,68 | G65: 29,60 | H65: 34.847.991 | I65: 1.148.264 | J65: 29,54 | K65: 0,82 | L65: 2,78 | M65: 31,68 | N65: 29,60 | O65: 34.847.991 | P65: 1.148.264 | Q65: 29,54 | R65: 0,82 | S65: 2,78 | T65: 29,60
A66: AYGAZ | B66: 184,00 | C66: Ç | D66: 183,70 | E66: 184,00 | F66: 190,50 | G66: 182,40 | H66: 140.228.034 | I66: 758.22 | J66: 187,00 | K66: -3,00 | L66: -1,60 | M66: 190,50 | N66: 182,40 | O66: 140.228.034 | P66: 758.22 | Q66: 187,00 | R66: -3,00 | S66: -1,60 | T66: 190,50
A67: AZTEK | B67: 85,00 | C67: Ç | D67: 84,75 | E67: 85,00 | F67: 86,15 | G67: 81,20 | H67: 53.923.981 | I67: 640.428 | J67: 83,20 | K67: 1,80 | L67: 2,16 | M67: 86,15 | N67: 81,20 | O67: 53.923.981 | P67: 640.428 | Q67: 83,20 | R67: 1,80 | S67: 2,16 | T67: 83,20
A68: BAGFS | B68: 24,50 | C68: Ç | D68: 24,50 | E68: 24,52 | F68: 24,74 | G68: 23,92 | H68: 22.886.261 | I68: 940.289 | J68: 23,90 | K68: 0,60 | L68: 2,51 | M68: 24,74 | N68: 23,92 | O68: 22.886.261 | P68: 940.289 | Q68: 23,90 | R68: 0,60 | S68: 2,51 | T68: 23,94
A69: BAKAB | B69: 44,28 | C69: È | D69: 44,28 | E69: 44,40 | F69: 44,82 | G69: 43,04 | H69: 7.970.075 | I69: 180.63 | J69: 43,18 | K69: 1,10 | L69: 2,55 | M69: 44,82 | N69: 43,04 | O69: 7.970.075 | P69: 180.63 | Q69: 43,18 | R69: 1,10 | S69: 2,55 | T69: 43,18
A70: BANVT | B70: 299,00 | C70: Ç | D70: 299,00 | E70: 300,00 | F70: 312,00 | G70: 282,50 | H70: 85.728.042 | I70: 290.263 | J70: 295,00 | K70: 4,00 | L70: 1,36 | M70: 312,00 | N70: 282,50 | O70: 85.728.042 | P70: 290.263 | Q70: 295,00 | R70: 4,00 | S70: 1,36 | T70: 290,00
A71: BARMA | B71: 18,70 | C71: È | D71: 18,69 | E71: 18,70 | F71: 19,41 | G71: 18,35 | H71: 42.930.209 | I71: 2.280.740 | J71: 18,30 | K71: 0,40 | L71: 2,19 | M71: 19,41 | N71: 18,35 | O71: 42.930.209 | P71: 2.280.740 | Q71: 18,30 | R71: 0,40 | S71: 2,19 | T71: 18,40
A72: BASGZ | B72: 32,76 | C72: Ç | D72: 32,74 | E72: 32,76 | F72: 32,98 | G72: 31,22 | H72: 85.999.685 | I72: 2.647.594 | J72: 31,40 | K72: 1,36 | L72: 4,33 | M72: 32,98 | N72: 31,22 | O72: 85.999.685 | P72: 2.647.594 | Q72: 31,40 | R72: 1,36 | S72: 4,33 | T72: 31,42
A73: BAYRK | B73: 66,50 | C73: È | D73: 66,45 | E73: 66,50 | F73: 70,30 | G73: 66,05 | H73: 55.635.055 | I73: 822.886 | J73: 68,70 | K73: -2,20 | L73: -3,20 | M73: 70,30 | N73: 66,05 | O73: 55.635.055 | P73: 822.886 | Q73: 68,70 | R73: -2,20 | S73: -3,20 | T73: 68,70
A74: BEGYO | B74: 3,60 | C74: Ç | D74: 3,59 | E74: 3,60 | F74: 3,66 | G74: 3,52 | H74: 73.526.740 | I74: 20.472.805 | J74: 3,59 | K74: 0,01 | L74: 0,28 | M74: 3,66 | N74: 3,52 | O74: 73.526.740 | P74: 20.472.805 | Q74: 3,59 | R74: 0,01 | S74: 0,28 | T74: 3,59
A75: BERA | B75: 17,39 | C75: È | D75: 17,38 | E75: 17,39 | F75: 18,00 | G75: 17,36 | H75: 183.151.309 | I75: 10.347.700 | J75: 17,53 | K75: -0,14 | L75: -0,80 | M75: 18,00 | N75: 17,36 | O75: 183.151.309 | P75: 10.347.700 | Q75: 17,53 | R75: -0,14 | S75: -0,80 | T75: 17,55
A76: BEYAZ | B76: 25,22 | C76: Ç | D76: 25,04 | E76: 25,22 | F76: 25,84 | G76: 24,60 | H76: 37.653.145 | I76: 1.503.195 | J76: 25,08 | K76: 0,14 | L76: 0,56 | M76: 25,84 | N76: 24,60 | O76: 37.653.145 | P76: 1.503.195 | Q76: 25,08 | R76: 0,14 | S76: 0,56 | T76: 24,96
A77: BFREN | B77: 872,50 | C77: È | D77: 872,50 | E77: 876,50 | F77: 907,50 | G77: 867,50 | H77: 105.306.994 | I77: 119.278 | J77: 875,00 | K77: -2,50 | L77: -0,29 | M77: 907,50 | N77: 867,50 | O77: 105.306.994 | P77: 119.278 | Q77: 875,00 | R77: -2,50 | S77: -0,29 | T77: 875,00
A78: BIENY | B78: 36,58 | C78: È | D78: 36,58 | E78: 36,62 | F78: 37,32 | G78: 36,46 | H78: 100.056.687 | I78: 2.721.387 | J78: 36,54 | K78: 0,04 | L78: 0,11 | M78: 37,32 | N78: 36,46 | O78: 100.056.687 | P78: 2.721.387 | Q78: 36,54 | R78: 0,04 | S78: 0,11 | T78: 36,52
A79: BIGCH | B79: 31,22 | C79: È | D79: 31,22 | E79: 31,30 | F79: 31,78 | G79: 30,50 | H79: 12.841.097 | I79: 411.952 | J79: 30,72 | K79: 0,50 | L79: 1,63 | M79: 31,78 | N79: 30,50 | O79: 12.841.097 | P79: 411.952 | Q79: 30,72 | R79: 0,50 | S79: 1,63 | T79: 30,72
A80: BIMAS | B80: 492,00 | C80: Ç | D80: 490,25 | E80: 492,00 | F80: 497,00 | G80: 475,00 | H80: 2.981.441.823 | I80: 6.140.334 | J80: 496,75 | K80: -4,75 | L80: -0,96 | M80: 497,00 | N80: 475,00 | O80: 2.981.441.823 | P80: 6.140.334 | Q80: 496,75 | R80: -4,75 | S80: -0,96 | T80: 496,75
A81: BINHO | B81: 421,50 | C81: È | D81: 421,50 | E81: 422,25 | F81: 434,50 | G81: 413,50 | H81: 272.796.369 | I81: 644.023 | J81: 412,50 | K81: 9,00 | L81: 2,18 | M81: 434,50 | N81: 413,50 | O81: 272.796.369 | P81: 644.023 | Q81: 412,50 | R81: 9,00 | S81: 2,18 | T81: 413,50
A82: BIOEN | B82: 19,42 | C82: È | D82: 19,41 | E82: 19,42 | F82: 19,76 | G82: 18,88 | H82: 137.405.855 | I82: 7.094.302 | J82: 19,05 | K82: 0,37 | L82: 1,94 | M82: 19,76 | N82: 18,88 | O82: 137.405.855 | P82: 7.094.302 | Q82: 19,05 | R82: 0,37 | S82: 1,94 | T82: 18,99
A83: BIZIM | B83: 36,82 | C83: È | D83: 36,82 | E83: 36,92 | F83: 38,02 | G83: 35,94 | H83: 35.563.947 | I83: 965.301 | J83: 35,94 | K83: 0,88 | L83: 2,45 | M83: 38,02 | N83: 35,94 | O83: 35.563.947 | P83: 965.301 | Q83: 35,94 | R83: 0,88 | S83: 2,45 | T83: 35,94
A84: BJKAS | B84: 39,50 | C84: È | D84: 39,46 | E84: 39,50 | F84: 40,24 | G84: 36,52 | H84: 1.532.280.241 | I84: 39.787.990 | J84: 36,76 | K84: 2,74 | L84: 7,45 | M84: 40,24 | N84: 36,52 | O84: 1.532.280.241 | P84: 39.787.990 | Q84: 36,76 | R84: 2,74 | S84: 7,45 | T84: 36,78
A85: BLCYT | B85: 19,63 | C85: È | D85: 19,63 | E85: 19,65 | F85: 19,93 | G85: 19,40 | H85: 33.422.605 | I85: 1.698.974 | J85: 19,35 | K85: 0,28 | L85: 1,45 | M85: 19,93 | N85: 19,40 | O85: 33.422.605 | P85: 1.698.974 | Q85: 19,35 | R85: 0,28 | S85: 1,45 | T85: 19,54
A86: BMSCH | B86: 25,20 | C86: È | D86: 25,18 | E86: 25,20 | F86: 25,86 | G86: 25,12 | H86: 13.372.653 | I86: 525.035 | J86: 25,42 | K86: -0,22 | L86: -0,87 | M86: 25,86 | N86: 25,12 | O86: 13.372.653 | P86: 525.035 | Q86: 25,42 | R86: -0,22 | S86: -0,87 | T86: 25,44
A87: BMSTL | B87: 38,90 | C87: È | D87: 38,88 | E87: 38,90 | F87: 39,48 | G87: 37,70 | H87: 63.321.648 | I87: 1.627.590 | J87: 38,90 | K87: 0,00 | L87: 0,00 | M87: 39,48 | N87: 37,70 | O87: 63.321.648 | P87: 1.627.590 | Q87: 38,90 | R87: 0,00 | S87: 0,00 | T87: 38,82
A88: BNTAS | B88: 11,58 | C88: È | D88: 11,57 | E88: 11,58 | F88: 11,81 | G88: 11,01 | H88: 83.365.804 | I88: 7.206.140 | J88: 11,00 | K88: 0,58 | L88: 5,27 | M88: 11,81 | N88: 11,01 | O88: 83.365.804 | P88: 7.206.140 | Q88: 11,00 | R88: 0,58 | S88: 5,27 | T88: 11,03
A89: BOBET | B89: 29,48 | C89: È | D89: 29,48 | E89: 29,50 | F89: 30,18 | G89: 28,72 | H89: 120.040.715 | I89: 4.083.058 | J89: 28,66 | K89: 0,82 | L89: 2,86 | M89: 30,18 | N89: 28,72 | O89: 120.040.715 | P89: 4.083.058 | Q89: 28,66 | R89: 0,82 | S89: 2,86 | T89: 28,72
A90: BORLS | B90: 34,40 | C90: È | D90: 34,40 | E90: 34,44 | F90: 34,58 | G90: 33,80 | H90: 101.982.960 | I90: 2.976.207 | J90: 33,70 | K90: 0,70 | L90: 2,08 | M90: 34,58 | N90: 33,80 | O90: 101.982.960 | P90: 2.976.207 | Q90: 33,70 | R90: 0,70 | S90: 2,08 | T90: 33,80
A91: BORSK | B91: 31,28 | C91: È | D91: 31,28 | E91: 31,30 | F91: 32,56 | G91: 29,60 | H91: 248.322.129 | I91: 8.005.122 | J91: 29,60 | K91: 1,68 | L91: 5,68 | M91: 32,56 | N91: 29,60 | O91: 248.322.129 | P91: 8.005.122 | Q91: 29,60 | R91: 1,68 | S91: 5,68 | T91: 29,60
A92: BOSSA | B92: 16,95 | C92: Ç | D92: 16,92 | E92: 16,95 | F92: 17,15 | G92: 16,62 | H92: 52.726.896 | I92: 3.117.190 | J92: 16,91 | K92: 0,04 | L92: 0,24 | M92: 17,15 | N92: 16,62 | O92: 52.726.896 | P92: 3.117.190 | Q92: 16,91 | R92: 0,04 | S92: 0,24 | T92: 16,91
A93: BRISA | B93: 114,70 | C93: È | D93: 114,60 | E93: 114,70 | F93: 118,20 | G93: 114,20 | H93: 57.125.609 | I93: 493.302 | J93: 116,50 | K93: -1,80 | L93: -1,55 | M93: 118,20 | N93: 114,20 | O93: 57.125.609 | P93: 493.302 | Q93: 116,50 | R93: -1,80 | S93: -1,55 | T93: 116,90
A94: BRKSN | B94: 36,82 | C94: Ç | D94: 36,74 | E94: 36,82 | F94: 37,20 | G94: 35,30 | H94: 16.244.290 | I94: 443.197 | J94: 36,00 | K94: 0,82 | L94: 2,28 | M94: 37,20 | N94: 35,30 | O94: 16.244.290 | P94: 443.197 | Q94: 36,00 | R94: 0,82 | S94: 2,28 | T94: 36,38
A95: BRKVY | B95: 61,70 | C95: È | D95: 61,65 | E95: 61,70 | F95: 64,10 | G95: 61,40 | H95: 113.740.319 | I95: 1.825.647 | J95: 61,45 | K95: 0,25 | L95: 0,41 | M95: 64,10 | N95: 61,40 | O95: 113.740.319 | P95: 1.825.647 | Q95: 61,45 | R95: 0,25 | S95: 0,41 | T95: 61,95
A96: BRLSM | B96: 19,34 | C96: Ç | D96: 19,34 | E96: 19,35 | F96: 19,72 | G96: 19,22 | H96: 47.854.091 | I96: 2.461.821 | J96: 19,52 | K96: -0,18 | L96: -0,92 | M96: 19,72 | N96: 19,22 | O96: 47.854.091 | P96: 2.461.821 | Q96: 19,52 | R96: -0,18 | S96: -0,92 | T96: 19,52
A97: BRSAN | B97: 498,00 | C97: È | D97: 498,00 | E97: 499,00 | F97: 520,00 | G97: 495,75 | H97: 615.069.276 | I97: 1.218.834 | J97: 497,00 | K97: 1,00 | L97: 0,20 | M97: 520,00 | N97: 495,75 | O97: 615.069.276 | P97: 1.218.834 | Q97: 497,00 | R97: 1,00 | S97: 0,20 | T97: 497,00
A98: BRYAT | B98: 2567,50 | C98: È | D98: 2565,00 | E98: 2567,50 | F98: 2685,00 | G98: 2446,00 | H98: 458.919.037 | I98: 179.902 | J98: 2443,00 | K98: 124,50 | L98: 5,10 | M98: 2685,00 | N98: 2446,00 | O98: 458.919.037 | P98: 179.902 | Q98: 2443,00 | R98: 124,50 | S98: 5,10 | T98: 2458,00
A99: BSOKE | B99: 27,40 | C99: È | D99: 27,38 | E99: 27,40 | F99: 27,68 | G99: 26,34 | H99: 93.835.041 | I99: 3.462.391 | J99: 26,44 | K99: 0,96 | L99: 3,63 | M99: 27,68 | N99: 26,34 | O99: 93.835.041 | P99: 3.462.391 | Q99: 26,44 | R99: 0,96 | S99: 3,63 | T99: 26,50
A100: BTCIM | B100: 135,30 | C100: È | D100: 135,20 | E100: 135,30 | F100: 137,20 | G100: 134,60 | H100: 144.135.294 | I100: 1.059.503 | J100: 135,90 | K100: -0,60 | L100: -0,44 | M100: 137,20 | N100: 134,60 | O100: 144.135.294 | P100: 1.059.503 | Q100: 135,90 | R100: -0,60 | S100: -0,44 | T100: 135,80
A101: BUCIM | B101: 8,24 | C101: È | D101: 8,24 | E101: 8,25 | F101: 8,43 | G101: 8,24 | H101: 92.983.099 | I101: 11.164.189 | J101: 8,23 | K101: 0,01 | L101: 0,12 | M101: 8,43 | N101: 8,24 | O101: 92.983.099 | P101: 11.164.189 | Q101: 8,23 | R101: 0,01 | S101: 0,12 | T101: 8,28
...

Sheet Sayfa3
A3: Güncel Portföy
A4: Kod | B4: Ağırlık | D4: Frk%
B5: 0.0668
A6: BIMAS
A7: 0.43092593 | C7: =VLOOKUP(A6,Sayfa1!$A$1:$B$531,1,0) -> BIMAS | D7: =VLOOKUP(C7,Sayfa1!$A$1:$S$531,14,0) -> 475,00 | E7: =(D7*B5) -> 31.73 | G7: =SUM(E7:E157) -> 138.30509
A8: 475 | D8: =VLOOKUP(A7,Sayfa1!$A$1:$S$531,12,0) -> #N/A
A9: -0.0042 | D9: =VLOOKUP(A8,Sayfa1!$A$1:$S$531,12,0) -> #N/A
B10: 0.061 | D10: =VLOOKUP(A9,Sayfa1!$A$1:$S$531,12,0) -> #N/A
A11: MAVI | D11: =VLOOKUP(A10,Sayfa1!$A$1:$S$531,12,0) -> #N/A
A12: 0.43091435 | D12: =VLOOKUP(A11,Sayfa1!$A$1:$S$531,14,0) -> 96,45 | E12: =(D12*B10) -> 5.88345
A13: 98.45 | D13: =VLOOKUP(A12,Sayfa1!$A$1:$S$531,12,0) -> #N/A
A14: -0.0115 | D14: =VLOOKUP(A13,Sayfa1!$A$1:$S$531,12,0) -> #N/A
B15: 0.053 | D15: =VLOOKUP(A14,Sayfa1!$A$1:$S$531,12,0) -> #N/A
A16: PGSUS | D16: =VLOOKUP(A15,Sayfa1!$A$1:$S$531,12,0) -> #N/A
A17: 0.43092593 | D17: =VLOOKUP(A16,Sayfa1!$A$1:$S$531,14,0) -> 208,30 | E17: =(D17*B15) -> 11.0399
A18: 209 | D18: =VLOOKUP(A17,Sayfa1!$A$1:$S$531,12,0) -> #N/A
A19: -0.0071 | D19: =VLOOKUP(A18,Sayfa1!$A$1:$S$531,12,0) -> #N/A
B20: 0.0492 | D20: =VLOOKUP(A19,Sayfa1!$A$1:$S$531,12,0) -> #N/A
A21: TCELL | D21: =VLOOKUP(A20,Sayfa1!$A$1:$S$531,12,0) -> #N/A
A22: 0.4309375 | D22: =VLOOKUP(A21,Sayfa1!$A$1:$S$531,14,0) -> 99,20 | E22: =(D22*B20) -> 4.88064
A23: 88.45 | D23: =VLOOKUP(A22,Sayfa1!$A$1:$S$531,12,0) -> #N/A
A24: -0.0128 | D24: =VLOOKUP(A23,Sayfa1!$A$1:$S$531,12,0) -> #N/A
B25: 0.0474 | D25: =VLOOKUP(A24,Sayfa1!$A$1:$S$531,12,0) -> #N/A
A26: CCOLA | D26: =VLOOKUP(A25,Sayfa1!$A$1:$S$531,12,0) -> #N/A
A27: 0.43083333 | D27: =VLOOKUP(A26,Sayfa1!$A$1:$S$531,14,0) -> 787,00 | E27: =(D27*B25) -> 37.3038
A28: 788 | D28: =VLOOKUP(A27,Sayfa1!$A$1:$S$531,12,0) -> #N/A
A29: 0.0083 | D29: =VLOOKUP(A28,Sayfa1!$A$1:$S$531,12,0) -> #N/A
B30: 0.0471 | D30: =VLOOKUP(A29,Sayfa1!$A$1:$S$531,12,0) -> #N/A
A31: ISCTR | D31: =VLOOKUP(A30,Sayfa1!$A$1:$S$531,12,0) -> #N/A
A32: 0.4309375 | D32: =VLOOKUP(A31,Sayfa1!$A$1:$S$531,14,0) -> 15,91 | E32: =(D32*B30) -> 0.749361
A33: 15.68 | D33: =VLOOKUP(A32,Sayfa1!$A$1:$S$531,12,0) -> #N/A
A34: 0.0006 | D34: =VLOOKUP(A33,Sayfa1!$A$1:$S$531,12,0) -> #N/A
B35: 0.0471 | D35: =VLOOKUP(A34,Sayfa1!$A$1:$S$531,12,0) -> #N/A
A36: SOKM | D36: =VLOOKUP(A35,Sayfa1!$A$1:$S$531,12,0) -> #N/A
A37: 0.43086806 | D37: =VLOOKUP(A36,Sayfa1!$A$1:$S$531,14,0) -> 60,00 | E37: =(D37*B35) -> 2.826
A38: 65.25 | D38: =VLOOKUP(A37,Sayfa1!$A$1:$S$531,12,0) -> #N/A
A39: -0.0031 | D39: =VLOOKUP(A38,Sayfa1!$A$1:$S$531,12,0) -> #N/A
B40: 0.0463 | D40: =VLOOKUP(A39,Sayfa1!$A$1:$S$531,14,0) -> #N/A
A41: AGHOL | D41: =VLOOKUP(A41,Sayfa1!$A$1:$S$531,12,0) -> 0,70
A42: 0.4308912 | D42: =VLOOKUP(A41,Sayfa1!$A$1:$S$531,14,0) -> 347,00 | E42: =(D42*B40) -> 16.0661
A43: 341.5 | D43: =VLOOKUP(A42,Sayfa1!$A$1:$S$531,12,0) -> #N/A
A44: 0.0186 | D44: =VLOOKUP(A43,Sayfa1!$A$1:$S$531,12,0) -> #N/A
B45: 0.0434 | D45: =VLOOKUP(A44,Sayfa1!$A$1:$S$531,14,0) -> #N/A
A46: KCHOL | D46: =VLOOKUP(A45,Sayfa1!$A$1:$S$531,12,0) -> #N/A
A47: 0.4309375 | D47: =VLOOKUP(A46,Sayfa1!$A$1:$S$531,14,0) -> 227,00 | E47: =(D47*B45) -> 9.8518
A48: 247.8 | D48: =VLOOKUP(A47,Sayfa1!$A$1:$S$531,12,0) -> #N/A
A49: -0.0084 | D49: =VLOOKUP(A48,Sayfa1!$A$1:$S$531,12,0) -> #N/A
B50: 0.0382 | D50: =VLOOKUP(A49,Sayfa1!$A$1:$S$531,12,0) -> #N/A
A51: TAVHL | D51: =VLOOKUP(A50,Sayfa1!$A$1:$S$531,12,0) -> #N/A
A52: 0.4309375 | D52: =VLOOKUP(A51,Sayfa1!$A$1:$S$531,14,0) -> 248,10 | E52: =(D52*B50) -> 9.47742
A53: 236.2 | D53: =VLOOKUP(A52,Sayfa1!$A$1:$S$531,12,0) -> #N/A
A54: 0.0008 | D54: =VLOOKUP(A53,Sayfa1!$A$1:$S$531,12,0) -> #N/A
B55: 0.0373 | D55: =VLOOKUP(A54,Sayfa1!$A$1:$S$531,12,0) -> #N/A
A56: TUPRS | D56: =VLOOKUP(A55,Sayfa1!$A$1:$S$531,12,0) -> #N/A
A57: 0.43092593 | D57: =VLOOKUP(A56,Sayfa1!$A$1:$S$531,12,0) -> -3,05 | E57: =(D57*B55) -> -0.113765
A58: 188.8 | D58: =VLOOKUP(A57,Sayfa1!$A$1:$S$531,12,0) -> #N/A
A59: -0.0026 | D59: =VLOOKUP(A58,Sayfa1!$A$1:$S$531,12,0) -> #N/A
B60: 0.0307 | D60: =VLOOKUP(A59,Sayfa1!$A$1:$S$531,12,0) -> #N/A
A61: AKBNK | D61: =VLOOKUP(A60,Sayfa1!$A$1:$S$531,12,0) -> #N/A
A62: 0.4309375 | D62: =VLOOKUP(A61,Sayfa1!$A$1:$S$531,14,0) -> 63,50 | E62: =(D62*B60) -> 1.94945
A63: 67.55 | D63: =VLOOKUP(A62,Sayfa1!$A$1:$S$531,12,0) -> #N/A
A64: -0.0066 | D64: =VLOOKUP(A63,Sayfa1!$A$1:$S$531,12,0) -> #N/A
B65: 0.0253 | D65: =VLOOKUP(A64,Sayfa1!$A$1:$S$531,12,0) -> #N/A
A66: TABGD | D66: =VLOOKUP(A65,Sayfa1!$A$1:$S$531,12,0) -> #N/A
A67: 0.43087963 | D67: =VLOOKUP(A66,Sayfa1!$A$1:$S$531,14,0) -> 180,20 | E67: =(D67*B65) -> 4.55906
A68: 177.6 | D68: =VLOOKUP(A67,Sayfa1!$A$1:$S$531,12,0) -> #N/A
A69: -0.0039 | D69: =VLOOKUP(A68,Sayfa1!$A$1:$S$531,12,0) -> #N/A
B70: 0.0247 | D70: =VLOOKUP(A69,Sayfa1!$A$1:$S$531,12,0) -> #N/A
A71: LKMNH | D71: =VLOOKUP(A70,Sayfa1!$A$1:$S$531,12,0) -> #N/A
A72: 0.43040509 | D72: =VLOOKUP(A71,Sayfa1!$A$1:$S$531,14,0) -> 99,00 | E72: =(D72*B70) -> 2.4453
A73: 99.95 | D73: =VLOOKUP(A72,Sayfa1!$A$1:$S$531,12,0) -> #N/A
A74: -0.0065 | D74: =VLOOKUP(A73,Sayfa1!$A$1:$S$531,12,0) -> #N/A
B75: 0.0245 | D75: =VLOOKUP(A74,Sayfa1!$A$1:$S$531,12,0) -> #N/A
A76: AKGRT | D76: =VLOOKUP(A75,Sayfa1!$A$1:$S$531,12,0) -> #N/A
A77: 0.43086806 | D77: =VLOOKUP(A76,Sayfa1!$A$1:$S$531,12,0) -> 1,01 | E77: =(D77*B75) -> 0.024745
A78: 7.6 | D78: =VLOOKUP(A77,Sayfa1!$A$1:$S$531,12,0) -> #N/A
A79: 0.0013 | D79: =VLOOKUP(A78,Sayfa1!$A$1:$S$531,12,0) -> #N/A
B80: 0.0241 | D80: =VLOOKUP(A79,Sayfa1!$A$1:$S$531,12,0) -> #N/A
A81: TOASO | D81: =VLOOKUP(A80,Sayfa1!$A$1:$S$531,12,0) -> #N/A
A82: 0.43092593 | D82: =VLOOKUP(A81,Sayfa1!$A$1:$S$531,12,0) -> -3,41 | E82: =(D82*B80) -> -0.082181
A83: 306 | D83: =VLOOKUP(A82,Sayfa1!$A$1:$S$531,12,0) -> #N/A
A84: 0.0033 | D84: =VLOOKUP(A83,Sayfa1!$A$1:$S$531,12,0) -> #N/A
B85: 0.0234 | D85: =VLOOKUP(A84,Sayfa1!$A$1:$S$531,12,0) -> #N/A
A86: TRGYO | D86: =VLOOKUP(A85,Sayfa1!$A$1:$S$531,12,0) -> #N/A
A87: 0.43002315 | D87: =VLOOKUP(A86,Sayfa1!$A$1:$S$531,12,0) -> 1,03 | E87: =(D87*B85) -> 0.024102
A88: 47.38 | D88: =VLOOKUP(A87,Sayfa1!$A$1:$S$531,12,0) -> #N/A
A89: -0.0004 | D89: =VLOOKUP(A88,Sayfa1!$A$1:$S$531,12,0) -> #N/A
B90: 0.0226 | D90: =VLOOKUP(A89,Sayfa1!$A$1:$S$531,12,0) -> #N/A
A91: YKBNK | D91: =VLOOKUP(A90,Sayfa1!$A$1:$S$531,12,0) -> #N/A
A92: 0.4309375 | D92: =VLOOKUP(A91,Sayfa1!$A$1:$S$531,12,0) -> -4,50 | E92: =(D92*B90) -> -0.1017
A93: 34.82 | D93: =VLOOKUP(A92,Sayfa1!$A$1:$S$531,12,0) -> #N/A
A94: 0.0093 | D94: =VLOOKUP(A93,Sayfa1!$A$1:$S$531,12,0) -> #N/A
B95: 0.022 | D95: =VLOOKUP(A94,Sayfa1!$A$1:$S$531,12,0) -> #N/A
A96: TTKOM | D96: =VLOOKUP(A95,Sayfa1!$A$1:$S$531,12,0) -> #N/A
A97: 0.4309375 | D97: =VLOOKUP(A96,Sayfa1!$A$1:$S$531,12,0) -> 3,39 | E97: =(D97*B95) -> 0.07458
A98: 44.24 | D98: =VLOOKUP(A97,Sayfa1!$A$1:$S$531,12,0) -> #N/A
A99: -0.0147 | D99: =VLOOKUP(A98,Sayfa1!$A$1:$S$531,12,0) -> #N/A
B100: 0.0208 | D100: =VLOOKUP(A99,Sayfa1!$A$1:$S$531,12,0) -> #N/A
A101: AGESA | D101: =VLOOKUP(A100,Sayfa1!$A$1:$S$531,12,0) -> #N/A
A102: 0.43030093 | D102: =VLOOKUP(A101,Sayfa1!$A$1:$S$531,12,0) -> 2,67 | E102: =(D102*B100) -> 0.055536
...

Sheet Sayfa4
A1: Alış Tarihi | B1: Satış Tarihi | C1: Hisse | D1: Alış Fiyat | E1: Satış Fiyat | F1: Kar | G1: Ağırlık | H1: Ağırlıklı Kar | J1: Günlük Kar | N1: Alış Tarihi | O1: Satış Tarihi | P1: Hisse | Q1: Alış Fiyat | R1: Satış Fiyat | S1: Kar | T1: Ağırlık | U1: Ağırlıklı Kar | W1: Günlük Kar
A2: 45446 | B2: 45448 | C2: GARAN | D2: 108.6 | E2: =VLOOKUP(C2,Sayfa1!A1:T534,2,0) -> 104,30 | F2: =(E2/D2)-1 -> -0.039594843 | G2: 0.3938 | H2: =PRODUCT(G2,F2) -> -0.015592449 | J2: =SUM(H2:H3) -> -0.011074188 | N2: 45446 | O2: 45448 | P2: GARAN | Q2: 108.6 | R2: =VLOOKUP(C2,Sayfa1!A1:T534,2,0) -> 104,30 | S2: =(R2/Q2)-1 -> -0.039594843 | T2: 0.2968 | U2: =PRODUCT(T2,S2) -> -0.01175175 | W2: =SUM(U2:U4) -> 0.0012273388
C3: TURSG | D3: 80.5 | E3: =VLOOKUP(C3,Sayfa1!A1:T534,2,0) -> 81,10 | F3: =(E3/D3)-1 -> 0.0074534161 | G3: 0.6062 | H3: =PRODUCT(G3,F3) -> 0.0045182609 | P3: TURSG | Q3: 80.5 | R3: =VLOOKUP(P3,Sayfa1!A1:T534,2,0) -> 81,10 | S3: =(R3/Q3)-1 -> 0.0074534161 | T3: 0.4382 | U3: =PRODUCT(T3,S3) -> 0.003266087
P4: ULKER | Q4: 144.6 | R4: =VLOOKUP(P4,Sayfa1!A1:T534,2,0) -> 149,90 | S4: =(R4/Q4)-1 -> 0.036652835 | T4: 0.265 | U4: =PRODUCT(T4,S4) -> 0.0097130014
